{
  "kitchen": [
    {
      "name": "Cosori 12-in-1 Air Fryer",
      "url": "https://www.amazon.com/s?k=Cosori+Air+Fryer&tag=discoverqua04-20"
    },
    {
      "name": "Instant Pot Duo 7-in-1",
      "url": "https://www.amazon.com/s?k=Instant+Pot+Duo&tag=discoverqua04-20"
    },
    {
      "name": "KitchenAid Hand Mixer",
      "url": "https://www.amazon.com/s?k=KitchenAid+Hand+Mixer&tag=discoverqua04-20"
    },
    {
      "name": "Cast Iron Skillet Set",
      "url": "https://www.amazon.com/s?k=Cast+Iron+Skillet+Set&tag=discoverqua04-20"
    }
  ],
  "tech": [
    {
      "name": "Apple AirPods Pro 2",
      "url": "https://www.amazon.com/s?k=AirPods+Pro+2&tag=discoverqua04-20"
    },
    {
      "name": "Anker PowerCore Portable Charger",
      "url": "https://www.amazon.com/s?k=Anker+PowerCore&tag=discoverqua04-20"
    },
    {
      "name": "Bluetooth Wireless Earbuds",
      "url": "https://www.amazon.com/s?k=Wireless+Earbuds&tag=discoverqua04-20"
    },
    {
      "name": "Ring Doorbell Camera",
      "url": "https://www.amazon.com/s?k=Ring+Doorbell&tag=discoverqua04-20"
    }
  ],
  "beauty": [
    {
      "name": "CeraVe Moisturizing Lotion",
      "url": "https://www.amazon.com/s?k=CeraVe+Moisturizing+Lotion&tag=discoverqua04-20"
    },
    {
      "name": "Revlon One-Step Hair Dryer",
      "url": "https://www.amazon.com/s?k=Revlon+One+Step&tag=discoverqua04-20"
    },
    {
      "name": "Face Roller & Gua Sha Set",
      "url": "https://www.amazon.com/s?k=Face+Roller+Gua+Sha&tag=discoverqua04-20"
    },
    {
      "name": "LED Light Therapy Mask",
      "url": "https://www.amazon.com/s?k=LED+Light+Therapy+Mask&tag=discoverqua04-20"
    }
  ],
  "fitness": [
    {
      "name": "Adjustable Dumbbells",
      "url": "https://www.amazon.com/s?k=Adjustable+Dumbbells&tag=discoverqua04-20"
    },
    {
      "name": "Resistance Bands Set",
      "url": "https://www.amazon.com/s?k=Resistance+Bands+Set&tag=discoverqua04-20"
    },
    {
      "name": "Yoga Mat (Non-Slip)",
      "url": "https://www.amazon.com/s?k=Yoga+Mat+Non+Slip&tag=discoverqua04-20"
    },
    {
      "name": "Massage Gun Pro",
      "url": "https://www.amazon.com/s?k=Massage+Gun+Pro&tag=discoverqua04-20"
    }
  ],
  "pets": [
    {
      "name": "Self-Cleaning Slicker Brush",
      "url": "https://www.amazon.com/s?k=self-cleaning+slicker+brush&tag=discoverqua04-20"
    },
    {
      "name": "Automatic Water Fountain for Pets",
      "url": "https://www.amazon.com/s?k=automatic+water+fountain+for+pets&tag=discoverqua04-20"
    },
    {
      "name": "Orthopedic Memory Foam Pet Bed",
      "url": "https://www.amazon.com/s?k=orthopedic+memory+foam+pet+bed&tag=discoverqua04-20"
    },
    {
      "name": "Interactive Smart Ball Toy",
      "url": "https://www.amazon.com/s?k=interactive+smart+ball+toy&tag=discoverqua04-20"
    }
  ]
}