[
  {
    "id": "tech-1",
    "category": "tech",
    "name": "Apple AirPods Pro 2",
    "price": 195.52,
    "image": "https://via.placeholder.com/300x200?text=Apple+AirPods+Pro+2",
    "url": "https://www.amazon.com/s?k=Apple+AirPods+Pro+2&tag=discoverqua04-20"
  },
  {
    "id": "tech-2",
    "category": "tech",
    "name": "Samsung Galaxy Buds2",
    "price": 19.18,
    "image": "https://via.placeholder.com/300x200?text=Samsung+Galaxy+Buds2",
    "url": "https://www.amazon.com/s?k=Samsung+Galaxy+Buds2&tag=discoverqua04-20"
  },
  {
    "id": "tech-3",
    "category": "tech",
    "name": "Anker PowerCore Portable Charger",
    "price": 90.93,
    "image": "https://via.placeholder.com/300x200?text=Anker+PowerCore+Portable+Charger",
    "url": "https://www.amazon.com/s?k=Anker+PowerCore+Portable+Charger&tag=discoverqua04-20"
  },
  {
    "id": "tech-4",
    "category": "tech",
    "name": "Sony WH-1000XM5 Headphones",
    "price": 76.06,
    "image": "https://via.placeholder.com/300x200?text=Sony+WH-1000XM5+Headphones",
    "url": "https://www.amazon.com/s?k=Sony+WH-1000XM5+Headphones&tag=discoverqua04-20"
  },
  {
    "id": "tech-5",
    "category": "tech",
    "name": "Logitech MX Master 3 Mouse",
    "price": 223.37,
    "image": "https://via.placeholder.com/300x200?text=Logitech+MX+Master+3+Mouse",
    "url": "https://www.amazon.com/s?k=Logitech+MX+Master+3+Mouse&tag=discoverqua04-20"
  },
  {
    "id": "tech-6",
    "category": "tech",
    "name": "Apple iPad (10th Gen)",
    "price": 206.21,
    "image": "https://via.placeholder.com/300x200?text=Apple+iPad+%2810th+Gen%29",
    "url": "https://www.amazon.com/s?k=Apple+iPad+%2810th+Gen%29&tag=discoverqua04-20"
  },
  {
    "id": "tech-7",
    "category": "tech",
    "name": "Amazon Fire HD 10 Tablet",
    "price": 268.06,
    "image": "https://via.placeholder.com/300x200?text=Amazon+Fire+HD+10+Tablet",
    "url": "https://www.amazon.com/s?k=Amazon+Fire+HD+10+Tablet&tag=discoverqua04-20"
  },
  {
    "id": "tech-8",
    "category": "tech",
    "name": "Kindle Paperwhite",
    "price": 36.95,
    "image": "https://via.placeholder.com/300x200?text=Kindle+Paperwhite",
    "url": "https://www.amazon.com/s?k=Kindle+Paperwhite&tag=discoverqua04-20"
  },
  {
    "id": "tech-9",
    "category": "tech",
    "name": "Roku Streaming Stick 4K",
    "price": 133.09,
    "image": "https://via.placeholder.com/300x200?text=Roku+Streaming+Stick+4K",
    "url": "https://www.amazon.com/s?k=Roku+Streaming+Stick+4K&tag=discoverqua04-20"
  },
  {
    "id": "tech-10",
    "category": "tech",
    "name": "Wyze Cam v3",
    "price": 20.55,
    "image": "https://via.placeholder.com/300x200?text=Wyze+Cam+v3",
    "url": "https://www.amazon.com/s?k=Wyze+Cam+v3&tag=discoverqua04-20"
  },
  {
    "id": "tech-11",
    "category": "tech",
    "name": "Ring Video Doorbell 4",
    "price": 74.75,
    "image": "https://via.placeholder.com/300x200?text=Ring+Video+Doorbell+4",
    "url": "https://www.amazon.com/s?k=Ring+Video+Doorbell+4&tag=discoverqua04-20"
  },
  {
    "id": "tech-12",
    "category": "tech",
    "name": "Tile Mate Tracker",
    "price": 157.04,
    "image": "https://via.placeholder.com/300x200?text=Tile+Mate+Tracker",
    "url": "https://www.amazon.com/s?k=Tile+Mate+Tracker&tag=discoverqua04-20"
  },
  {
    "id": "tech-13",
    "category": "tech",
    "name": "SanDisk 128GB USB Drive",
    "price": 19.62,
    "image": "https://via.placeholder.com/300x200?text=SanDisk+128GB+USB+Drive",
    "url": "https://www.amazon.com/s?k=SanDisk+128GB+USB+Drive&tag=discoverqua04-20"
  },
  {
    "id": "tech-14",
    "category": "tech",
    "name": "Samsung T7 Portable SSD 1TB",
    "price": 69.07,
    "image": "https://via.placeholder.com/300x200?text=Samsung+T7+Portable+SSD+1TB",
    "url": "https://www.amazon.com/s?k=Samsung+T7+Portable+SSD+1TB&tag=discoverqua04-20"
  },
  {
    "id": "tech-15",
    "category": "tech",
    "name": "Belkin USB-C Hub",
    "price": 198.52,
    "image": "https://via.placeholder.com/300x200?text=Belkin+USB-C+Hub",
    "url": "https://www.amazon.com/s?k=Belkin+USB-C+Hub&tag=discoverqua04-20"
  },
  {
    "id": "tech-16",
    "category": "tech",
    "name": "Garmin Forerunner Fitness Watch",
    "price": 168.4,
    "image": "https://via.placeholder.com/300x200?text=Garmin+Forerunner+Fitness+Watch",
    "url": "https://www.amazon.com/s?k=Garmin+Forerunner+Fitness+Watch&tag=discoverqua04-20"
  },
  {
    "id": "tech-17",
    "category": "tech",
    "name": "Fitbit Charge 6",
    "price": 75.27,
    "image": "https://via.placeholder.com/300x200?text=Fitbit+Charge+6",
    "url": "https://www.amazon.com/s?k=Fitbit+Charge+6&tag=discoverqua04-20"
  },
  {
    "id": "tech-18",
    "category": "tech",
    "name": "Razer Kishi Game Controller",
    "price": 181.12,
    "image": "https://via.placeholder.com/300x200?text=Razer+Kishi+Game+Controller",
    "url": "https://www.amazon.com/s?k=Razer+Kishi+Game+Controller&tag=discoverqua04-20"
  },
  {
    "id": "tech-19",
    "category": "tech",
    "name": "Elgato Stream Deck",
    "price": 244.31,
    "image": "https://via.placeholder.com/300x200?text=Elgato+Stream+Deck",
    "url": "https://www.amazon.com/s?k=Elgato+Stream+Deck&tag=discoverqua04-20"
  },
  {
    "id": "tech-20",
    "category": "tech",
    "name": "Jabra Elite 7 Pro",
    "price": 13.87,
    "image": "https://via.placeholder.com/300x200?text=Jabra+Elite+7+Pro",
    "url": "https://www.amazon.com/s?k=Jabra+Elite+7+Pro&tag=discoverqua04-20"
  },
  {
    "id": "tech-21",
    "category": "tech",
    "name": "NetGear WiFi 6 Router",
    "price": 243.27,
    "image": "https://via.placeholder.com/300x200?text=NetGear+WiFi+6+Router",
    "url": "https://www.amazon.com/s?k=NetGear+WiFi+6+Router&tag=discoverqua04-20"
  },
  {
    "id": "tech-22",
    "category": "tech",
    "name": "TP-Link Smart Plug",
    "price": 212.37,
    "image": "https://via.placeholder.com/300x200?text=TP-Link+Smart+Plug",
    "url": "https://www.amazon.com/s?k=TP-Link+Smart+Plug&tag=discoverqua04-20"
  },
  {
    "id": "tech-23",
    "category": "tech",
    "name": "Philips Hue Starter Kit",
    "price": 109.65,
    "image": "https://via.placeholder.com/300x200?text=Philips+Hue+Starter+Kit",
    "url": "https://www.amazon.com/s?k=Philips+Hue+Starter+Kit&tag=discoverqua04-20"
  },
  {
    "id": "tech-24",
    "category": "tech",
    "name": "Blue Yeti Microphone",
    "price": 56.62,
    "image": "https://via.placeholder.com/300x200?text=Blue+Yeti+Microphone",
    "url": "https://www.amazon.com/s?k=Blue+Yeti+Microphone&tag=discoverqua04-20"
  },
  {
    "id": "tech-25",
    "category": "tech",
    "name": "Neewer Ring Light",
    "price": 286.72,
    "image": "https://via.placeholder.com/300x200?text=Neewer+Ring+Light",
    "url": "https://www.amazon.com/s?k=Neewer+Ring+Light&tag=discoverqua04-20"
  },
  {
    "id": "kitchen-1",
    "category": "kitchen",
    "name": "Instant Pot Duo 7-in-1",
    "price": 108.6,
    "image": "https://via.placeholder.com/300x200?text=Instant+Pot+Duo+7-in-1",
    "url": "https://www.amazon.com/s?k=Instant+Pot+Duo+7-in-1&tag=discoverqua04-20"
  },
  {
    "id": "kitchen-2",
    "category": "kitchen",
    "name": "Ninja Air Fryer",
    "price": 38.62,
    "image": "https://via.placeholder.com/300x200?text=Ninja+Air+Fryer",
    "url": "https://www.amazon.com/s?k=Ninja+Air+Fryer&tag=discoverqua04-20"
  },
  {
    "id": "kitchen-3",
    "category": "kitchen",
    "name": "Cosori Air Fryer Max",
    "price": 39.76,
    "image": "https://via.placeholder.com/300x200?text=Cosori+Air+Fryer+Max",
    "url": "https://www.amazon.com/s?k=Cosori+Air+Fryer+Max&tag=discoverqua04-20"
  },
  {
    "id": "kitchen-4",
    "category": "kitchen",
    "name": "KitchenAid Stand Mixer",
    "price": 255.23,
    "image": "https://via.placeholder.com/300x200?text=KitchenAid+Stand+Mixer",
    "url": "https://www.amazon.com/s?k=KitchenAid+Stand+Mixer&tag=discoverqua04-20"
  },
  {
    "id": "kitchen-5",
    "category": "kitchen",
    "name": "Lodge Cast Iron Skillet",
    "price": 185.27,
    "image": "https://via.placeholder.com/300x200?text=Lodge+Cast+Iron+Skillet",
    "url": "https://www.amazon.com/s?k=Lodge+Cast+Iron+Skillet&tag=discoverqua04-20"
  },
  {
    "id": "kitchen-6",
    "category": "kitchen",
    "name": "Vitamix Explorian Blender",
    "price": 243.65,
    "image": "https://via.placeholder.com/300x200?text=Vitamix+Explorian+Blender",
    "url": "https://www.amazon.com/s?k=Vitamix+Explorian+Blender&tag=discoverqua04-20"
  },
  {
    "id": "kitchen-7",
    "category": "kitchen",
    "name": "Cuisinart Toaster Oven",
    "price": 221.43,
    "image": "https://via.placeholder.com/300x200?text=Cuisinart+Toaster+Oven",
    "url": "https://www.amazon.com/s?k=Cuisinart+Toaster+Oven&tag=discoverqua04-20"
  },
  {
    "id": "kitchen-8",
    "category": "kitchen",
    "name": "Breville Espresso Machine",
    "price": 165.9,
    "image": "https://via.placeholder.com/300x200?text=Breville+Espresso+Machine",
    "url": "https://www.amazon.com/s?k=Breville+Espresso+Machine&tag=discoverqua04-20"
  },
  {
    "id": "kitchen-9",
    "category": "kitchen",
    "name": "Keurig K-Classic",
    "price": 291.28,
    "image": "https://via.placeholder.com/300x200?text=Keurig+K-Classic",
    "url": "https://www.amazon.com/s?k=Keurig+K-Classic&tag=discoverqua04-20"
  },
  {
    "id": "kitchen-10",
    "category": "kitchen",
    "name": "Oster Blender",
    "price": 120.64,
    "image": "https://via.placeholder.com/300x200?text=Oster+Blender",
    "url": "https://www.amazon.com/s?k=Oster+Blender&tag=discoverqua04-20"
  },
  {
    "id": "kitchen-11",
    "category": "kitchen",
    "name": "Zwilling Knife Set",
    "price": 170.44,
    "image": "https://via.placeholder.com/300x200?text=Zwilling+Knife+Set",
    "url": "https://www.amazon.com/s?k=Zwilling+Knife+Set&tag=discoverqua04-20"
  },
  {
    "id": "kitchen-12",
    "category": "kitchen",
    "name": "OXO Good Grips Peeler",
    "price": 250.04,
    "image": "https://via.placeholder.com/300x200?text=OXO+Good+Grips+Peeler",
    "url": "https://www.amazon.com/s?k=OXO+Good+Grips+Peeler&tag=discoverqua04-20"
  },
  {
    "id": "kitchen-13",
    "category": "kitchen",
    "name": "Anova Sous Vide Precision Cooker",
    "price": 189.52,
    "image": "https://via.placeholder.com/300x200?text=Anova+Sous+Vide+Precision+Cooker",
    "url": "https://www.amazon.com/s?k=Anova+Sous+Vide+Precision+Cooker&tag=discoverqua04-20"
  },
  {
    "id": "kitchen-14",
    "category": "kitchen",
    "name": "Le Creuset Dutch Oven",
    "price": 259.31,
    "image": "https://via.placeholder.com/300x200?text=Le+Creuset+Dutch+Oven",
    "url": "https://www.amazon.com/s?k=Le+Creuset+Dutch+Oven&tag=discoverqua04-20"
  },
  {
    "id": "kitchen-15",
    "category": "kitchen",
    "name": "Pyrex Glass Mixing Bowls",
    "price": 177.7,
    "image": "https://via.placeholder.com/300x200?text=Pyrex+Glass+Mixing+Bowls",
    "url": "https://www.amazon.com/s?k=Pyrex+Glass+Mixing+Bowls&tag=discoverqua04-20"
  },
  {
    "id": "kitchen-16",
    "category": "kitchen",
    "name": "Hamilton Beach Rice Cooker",
    "price": 214.21,
    "image": "https://via.placeholder.com/300x200?text=Hamilton+Beach+Rice+Cooker",
    "url": "https://www.amazon.com/s?k=Hamilton+Beach+Rice+Cooker&tag=discoverqua04-20"
  },
  {
    "id": "kitchen-17",
    "category": "kitchen",
    "name": "ThermoPro Meat Thermometer",
    "price": 25.15,
    "image": "https://via.placeholder.com/300x200?text=ThermoPro+Meat+Thermometer",
    "url": "https://www.amazon.com/s?k=ThermoPro+Meat+Thermometer&tag=discoverqua04-20"
  },
  {
    "id": "kitchen-18",
    "category": "kitchen",
    "name": "Joseph Joseph Nesting Bowls",
    "price": 77.41,
    "image": "https://via.placeholder.com/300x200?text=Joseph+Joseph+Nesting+Bowls",
    "url": "https://www.amazon.com/s?k=Joseph+Joseph+Nesting+Bowls&tag=discoverqua04-20"
  },
  {
    "id": "kitchen-19",
    "category": "kitchen",
    "name": "Glass Meal Prep Containers",
    "price": 95.05,
    "image": "https://via.placeholder.com/300x200?text=Glass+Meal+Prep+Containers",
    "url": "https://www.amazon.com/s?k=Glass+Meal+Prep+Containers&tag=discoverqua04-20"
  },
  {
    "id": "kitchen-20",
    "category": "kitchen",
    "name": "Chef'sChoice Knife Sharpener",
    "price": 34.9,
    "image": "https://via.placeholder.com/300x200?text=Chef%27sChoice+Knife+Sharpener",
    "url": "https://www.amazon.com/s?k=Chef%27sChoice+Knife+Sharpener&tag=discoverqua04-20"
  },
  {
    "id": "kitchen-21",
    "category": "kitchen",
    "name": "Crock-Pot Slow Cooker",
    "price": 78.81,
    "image": "https://via.placeholder.com/300x200?text=Crock-Pot+Slow+Cooker",
    "url": "https://www.amazon.com/s?k=Crock-Pot+Slow+Cooker&tag=discoverqua04-20"
  },
  {
    "id": "kitchen-22",
    "category": "kitchen",
    "name": "Bella Electric Griddle",
    "price": 40.99,
    "image": "https://via.placeholder.com/300x200?text=Bella+Electric+Griddle",
    "url": "https://www.amazon.com/s?k=Bella+Electric+Griddle&tag=discoverqua04-20"
  },
  {
    "id": "kitchen-23",
    "category": "kitchen",
    "name": "Mason Jar Set",
    "price": 91.78,
    "image": "https://via.placeholder.com/300x200?text=Mason+Jar+Set",
    "url": "https://www.amazon.com/s?k=Mason+Jar+Set&tag=discoverqua04-20"
  },
  {
    "id": "kitchen-24",
    "category": "kitchen",
    "name": "Reusable Silicone Food Bags",
    "price": 194.44,
    "image": "https://via.placeholder.com/300x200?text=Reusable+Silicone+Food+Bags",
    "url": "https://www.amazon.com/s?k=Reusable+Silicone+Food+Bags&tag=discoverqua04-20"
  },
  {
    "id": "kitchen-25",
    "category": "kitchen",
    "name": "Spice Rack Organizer",
    "price": 116.71,
    "image": "https://via.placeholder.com/300x200?text=Spice+Rack+Organizer",
    "url": "https://www.amazon.com/s?k=Spice+Rack+Organizer&tag=discoverqua04-20"
  },
  {
    "id": "beauty-1",
    "category": "beauty",
    "name": "Revlon One-Step Hair Dryer",
    "price": 118.24,
    "image": "https://via.placeholder.com/300x200?text=Revlon+One-Step+Hair+Dryer",
    "url": "https://www.amazon.com/s?k=Revlon+One-Step+Hair+Dryer&tag=discoverqua04-20"
  },
  {
    "id": "beauty-2",
    "category": "beauty",
    "name": "CeraVe Moisturizing Cream",
    "price": 72.13,
    "image": "https://via.placeholder.com/300x200?text=CeraVe+Moisturizing+Cream",
    "url": "https://www.amazon.com/s?k=CeraVe+Moisturizing+Cream&tag=discoverqua04-20"
  },
  {
    "id": "beauty-3",
    "category": "beauty",
    "name": "Olaplex Hair Perfector No.3",
    "price": 88.62,
    "image": "https://via.placeholder.com/300x200?text=Olaplex+Hair+Perfector+No.3",
    "url": "https://www.amazon.com/s?k=Olaplex+Hair+Perfector+No.3&tag=discoverqua04-20"
  },
  {
    "id": "beauty-4",
    "category": "beauty",
    "name": "Neutrogena Makeup Remover",
    "price": 280.82,
    "image": "https://via.placeholder.com/300x200?text=Neutrogena+Makeup+Remover",
    "url": "https://www.amazon.com/s?k=Neutrogena+Makeup+Remover&tag=discoverqua04-20"
  },
  {
    "id": "beauty-5",
    "category": "beauty",
    "name": "Argan Oil Hair Treatment",
    "price": 197.99,
    "image": "https://via.placeholder.com/300x200?text=Argan+Oil+Hair+Treatment",
    "url": "https://www.amazon.com/s?k=Argan+Oil+Hair+Treatment&tag=discoverqua04-20"
  },
  {
    "id": "beauty-6",
    "category": "beauty",
    "name": "Foreo Luna Mini",
    "price": 186.82,
    "image": "https://via.placeholder.com/300x200?text=Foreo+Luna+Mini",
    "url": "https://www.amazon.com/s?k=Foreo+Luna+Mini&tag=discoverqua04-20"
  },
  {
    "id": "beauty-7",
    "category": "beauty",
    "name": "Philips Sonicare Toothbrush",
    "price": 61.12,
    "image": "https://via.placeholder.com/300x200?text=Philips+Sonicare+Toothbrush",
    "url": "https://www.amazon.com/s?k=Philips+Sonicare+Toothbrush&tag=discoverqua04-20"
  },
  {
    "id": "beauty-8",
    "category": "beauty",
    "name": "Olay Regenerist Serum",
    "price": 221.26,
    "image": "https://via.placeholder.com/300x200?text=Olay+Regenerist+Serum",
    "url": "https://www.amazon.com/s?k=Olay+Regenerist+Serum&tag=discoverqua04-20"
  },
  {
    "id": "beauty-9",
    "category": "beauty",
    "name": "TruSkin Vitamin C Serum",
    "price": 58.9,
    "image": "https://via.placeholder.com/300x200?text=TruSkin+Vitamin+C+Serum",
    "url": "https://www.amazon.com/s?k=TruSkin+Vitamin+C+Serum&tag=discoverqua04-20"
  },
  {
    "id": "beauty-10",
    "category": "beauty",
    "name": "Derma Roller",
    "price": 120.9,
    "image": "https://via.placeholder.com/300x200?text=Derma+Roller",
    "url": "https://www.amazon.com/s?k=Derma+Roller&tag=discoverqua04-20"
  },
  {
    "id": "beauty-11",
    "category": "beauty",
    "name": "Nexxus Shampoo",
    "price": 295.99,
    "image": "https://via.placeholder.com/300x200?text=Nexxus+Shampoo",
    "url": "https://www.amazon.com/s?k=Nexxus+Shampoo&tag=discoverqua04-20"
  },
  {
    "id": "beauty-12",
    "category": "beauty",
    "name": "Biotin Hair Growth Supplement",
    "price": 195.68,
    "image": "https://via.placeholder.com/300x200?text=Biotin+Hair+Growth+Supplement",
    "url": "https://www.amazon.com/s?k=Biotin+Hair+Growth+Supplement&tag=discoverqua04-20"
  },
  {
    "id": "beauty-13",
    "category": "beauty",
    "name": "Hair Dryer Diffuser",
    "price": 171.84,
    "image": "https://via.placeholder.com/300x200?text=Hair+Dryer+Diffuser",
    "url": "https://www.amazon.com/s?k=Hair+Dryer+Diffuser&tag=discoverqua04-20"
  },
  {
    "id": "beauty-14",
    "category": "beauty",
    "name": "LED Face Mask",
    "price": 208.48,
    "image": "https://via.placeholder.com/300x200?text=LED+Face+Mask",
    "url": "https://www.amazon.com/s?k=LED+Face+Mask&tag=discoverqua04-20"
  },
  {
    "id": "beauty-15",
    "category": "beauty",
    "name": "Jasper Rose Facial Steamer",
    "price": 253.9,
    "image": "https://via.placeholder.com/300x200?text=Jasper+Rose+Facial+Steamer",
    "url": "https://www.amazon.com/s?k=Jasper+Rose+Facial+Steamer&tag=discoverqua04-20"
  },
  {
    "id": "beauty-16",
    "category": "beauty",
    "name": "Silk Pillowcase",
    "price": 234.71,
    "image": "https://via.placeholder.com/300x200?text=Silk+Pillowcase",
    "url": "https://www.amazon.com/s?k=Silk+Pillowcase&tag=discoverqua04-20"
  },
  {
    "id": "beauty-17",
    "category": "beauty",
    "name": "Eyelash Curler",
    "price": 77.74,
    "image": "https://via.placeholder.com/300x200?text=Eyelash+Curler",
    "url": "https://www.amazon.com/s?k=Eyelash+Curler&tag=discoverqua04-20"
  },
  {
    "id": "beauty-18",
    "category": "beauty",
    "name": "Face Sheet Mask Set",
    "price": 21.21,
    "image": "https://via.placeholder.com/300x200?text=Face+Sheet+Mask+Set",
    "url": "https://www.amazon.com/s?k=Face+Sheet+Mask+Set&tag=discoverqua04-20"
  },
  {
    "id": "beauty-19",
    "category": "beauty",
    "name": "Portable Facial Cleansing Brush",
    "price": 102.54,
    "image": "https://via.placeholder.com/300x200?text=Portable+Facial+Cleansing+Brush",
    "url": "https://www.amazon.com/s?k=Portable+Facial+Cleansing+Brush&tag=discoverqua04-20"
  },
  {
    "id": "beauty-20",
    "category": "beauty",
    "name": "Makeup Brush Set",
    "price": 88.84,
    "image": "https://via.placeholder.com/300x200?text=Makeup+Brush+Set",
    "url": "https://www.amazon.com/s?k=Makeup+Brush+Set&tag=discoverqua04-20"
  },
  {
    "id": "beauty-21",
    "category": "beauty",
    "name": "Nail Gel Kit",
    "price": 72.55,
    "image": "https://via.placeholder.com/300x200?text=Nail+Gel+Kit",
    "url": "https://www.amazon.com/s?k=Nail+Gel+Kit&tag=discoverqua04-20"
  },
  {
    "id": "beauty-22",
    "category": "beauty",
    "name": "Foot Spa Bath",
    "price": 282.62,
    "image": "https://via.placeholder.com/300x200?text=Foot+Spa+Bath",
    "url": "https://www.amazon.com/s?k=Foot+Spa+Bath&tag=discoverqua04-20"
  },
  {
    "id": "beauty-23",
    "category": "beauty",
    "name": "Electric Callus Remover",
    "price": 263.52,
    "image": "https://via.placeholder.com/300x200?text=Electric+Callus+Remover",
    "url": "https://www.amazon.com/s?k=Electric+Callus+Remover&tag=discoverqua04-20"
  },
  {
    "id": "beauty-24",
    "category": "beauty",
    "name": "Tinted Moisturizer",
    "price": 102.31,
    "image": "https://via.placeholder.com/300x200?text=Tinted+Moisturizer",
    "url": "https://www.amazon.com/s?k=Tinted+Moisturizer&tag=discoverqua04-20"
  },
  {
    "id": "beauty-25",
    "category": "beauty",
    "name": "Brow Gel & Kit",
    "price": 200.11,
    "image": "https://via.placeholder.com/300x200?text=Brow+Gel+%26+Kit",
    "url": "https://www.amazon.com/s?k=Brow+Gel+%26+Kit&tag=discoverqua04-20"
  },
  {
    "id": "beauty-26",
    "category": "beauty",
    "name": "Makeup Organizer",
    "price": 125.55,
    "image": "https://via.placeholder.com/300x200?text=Makeup+Organizer",
    "url": "https://www.amazon.com/s?k=Makeup+Organizer&tag=discoverqua04-20"
  },
  {
    "id": "fitness-1",
    "category": "fitness",
    "name": "Adjustable Dumbbells Set",
    "price": 274.48,
    "image": "https://via.placeholder.com/300x200?text=Adjustable+Dumbbells+Set",
    "url": "https://www.amazon.com/s?k=Adjustable+Dumbbells+Set&tag=discoverqua04-20"
  },
  {
    "id": "fitness-2",
    "category": "fitness",
    "name": "Resistance Bands Set",
    "price": 143.69,
    "image": "https://via.placeholder.com/300x200?text=Resistance+Bands+Set",
    "url": "https://www.amazon.com/s?k=Resistance+Bands+Set&tag=discoverqua04-20"
  },
  {
    "id": "fitness-3",
    "category": "fitness",
    "name": "Yoga Mat Non-Slip",
    "price": 88.02,
    "image": "https://via.placeholder.com/300x200?text=Yoga+Mat+Non-Slip",
    "url": "https://www.amazon.com/s?k=Yoga+Mat+Non-Slip&tag=discoverqua04-20"
  },
  {
    "id": "fitness-4",
    "category": "fitness",
    "name": "Fit Simplify Foam Roller",
    "price": 82.78,
    "image": "https://via.placeholder.com/300x200?text=Fit+Simplify+Foam+Roller",
    "url": "https://www.amazon.com/s?k=Fit+Simplify+Foam+Roller&tag=discoverqua04-20"
  },
  {
    "id": "fitness-5",
    "category": "fitness",
    "name": "TRX Suspension Trainer",
    "price": 173.11,
    "image": "https://via.placeholder.com/300x200?text=TRX+Suspension+Trainer",
    "url": "https://www.amazon.com/s?k=TRX+Suspension+Trainer&tag=discoverqua04-20"
  },
  {
    "id": "fitness-6",
    "category": "fitness",
    "name": "Sunny Health & Fitness Bike",
    "price": 87.41,
    "image": "https://via.placeholder.com/300x200?text=Sunny+Health+%26+Fitness+Bike",
    "url": "https://www.amazon.com/s?k=Sunny+Health+%26+Fitness+Bike&tag=discoverqua04-20"
  },
  {
    "id": "fitness-7",
    "category": "fitness",
    "name": "Concept2 Rowing Machine",
    "price": 179.78,
    "image": "https://via.placeholder.com/300x200?text=Concept2+Rowing+Machine",
    "url": "https://www.amazon.com/s?k=Concept2+Rowing+Machine&tag=discoverqua04-20"
  },
  {
    "id": "fitness-8",
    "category": "fitness",
    "name": "Peloton Bike (used)",
    "price": 269.68,
    "image": "https://via.placeholder.com/300x200?text=Peloton+Bike+%28used%29",
    "url": "https://www.amazon.com/s?k=Peloton+Bike+%28used%29&tag=discoverqua04-20"
  },
  {
    "id": "fitness-9",
    "category": "fitness",
    "name": "Massage Gun Pro",
    "price": 126.63,
    "image": "https://via.placeholder.com/300x200?text=Massage+Gun+Pro",
    "url": "https://www.amazon.com/s?k=Massage+Gun+Pro&tag=discoverqua04-20"
  },
  {
    "id": "fitness-10",
    "category": "fitness",
    "name": "Jump Rope",
    "price": 74.95,
    "image": "https://via.placeholder.com/300x200?text=Jump+Rope",
    "url": "https://www.amazon.com/s?k=Jump+Rope&tag=discoverqua04-20"
  },
  {
    "id": "fitness-11",
    "category": "fitness",
    "name": "Kettlebell Set",
    "price": 298.29,
    "image": "https://via.placeholder.com/300x200?text=Kettlebell+Set",
    "url": "https://www.amazon.com/s?k=Kettlebell+Set&tag=discoverqua04-20"
  },
  {
    "id": "fitness-12",
    "category": "fitness",
    "name": "Bluetooth Heart Rate Monitor",
    "price": 158.23,
    "image": "https://via.placeholder.com/300x200?text=Bluetooth+Heart+Rate+Monitor",
    "url": "https://www.amazon.com/s?k=Bluetooth+Heart+Rate+Monitor&tag=discoverqua04-20"
  },
  {
    "id": "fitness-13",
    "category": "fitness",
    "name": "Smart Scale Body Analyzer",
    "price": 38.09,
    "image": "https://via.placeholder.com/300x200?text=Smart+Scale+Body+Analyzer",
    "url": "https://www.amazon.com/s?k=Smart+Scale+Body+Analyzer&tag=discoverqua04-20"
  },
  {
    "id": "fitness-14",
    "category": "fitness",
    "name": "Fitness Tracker Band",
    "price": 25.52,
    "image": "https://via.placeholder.com/300x200?text=Fitness+Tracker+Band",
    "url": "https://www.amazon.com/s?k=Fitness+Tracker+Band&tag=discoverqua04-20"
  },
  {
    "id": "fitness-15",
    "category": "fitness",
    "name": "Balance Board",
    "price": 43.47,
    "image": "https://via.placeholder.com/300x200?text=Balance+Board",
    "url": "https://www.amazon.com/s?k=Balance+Board&tag=discoverqua04-20"
  },
  {
    "id": "fitness-16",
    "category": "fitness",
    "name": "Weighted Jump Rope",
    "price": 192.08,
    "image": "https://via.placeholder.com/300x200?text=Weighted+Jump+Rope",
    "url": "https://www.amazon.com/s?k=Weighted+Jump+Rope&tag=discoverqua04-20"
  },
  {
    "id": "fitness-17",
    "category": "fitness",
    "name": "Ankle Weights",
    "price": 239.33,
    "image": "https://via.placeholder.com/300x200?text=Ankle+Weights",
    "url": "https://www.amazon.com/s?k=Ankle+Weights&tag=discoverqua04-20"
  },
  {
    "id": "fitness-18",
    "category": "fitness",
    "name": "Agility Ladder",
    "price": 133.16,
    "image": "https://via.placeholder.com/300x200?text=Agility+Ladder",
    "url": "https://www.amazon.com/s?k=Agility+Ladder&tag=discoverqua04-20"
  },
  {
    "id": "fitness-19",
    "category": "fitness",
    "name": "Medicine Ball",
    "price": 30.23,
    "image": "https://via.placeholder.com/300x200?text=Medicine+Ball",
    "url": "https://www.amazon.com/s?k=Medicine+Ball&tag=discoverqua04-20"
  },
  {
    "id": "fitness-20",
    "category": "fitness",
    "name": "Pull Up Bar",
    "price": 121.52,
    "image": "https://via.placeholder.com/300x200?text=Pull+Up+Bar",
    "url": "https://www.amazon.com/s?k=Pull+Up+Bar&tag=discoverqua04-20"
  },
  {
    "id": "fitness-21",
    "category": "fitness",
    "name": "Gym Gloves",
    "price": 297.89,
    "image": "https://via.placeholder.com/300x200?text=Gym+Gloves",
    "url": "https://www.amazon.com/s?k=Gym+Gloves&tag=discoverqua04-20"
  },
  {
    "id": "fitness-22",
    "category": "fitness",
    "name": "Slam Ball",
    "price": 163.86,
    "image": "https://via.placeholder.com/300x200?text=Slam+Ball",
    "url": "https://www.amazon.com/s?k=Slam+Ball&tag=discoverqua04-20"
  },
  {
    "id": "fitness-23",
    "category": "fitness",
    "name": "Exercise Slider",
    "price": 290.7,
    "image": "https://via.placeholder.com/300x200?text=Exercise+Slider",
    "url": "https://www.amazon.com/s?k=Exercise+Slider&tag=discoverqua04-20"
  },
  {
    "id": "fitness-24",
    "category": "fitness",
    "name": "Stability Ball",
    "price": 259.04,
    "image": "https://via.placeholder.com/300x200?text=Stability+Ball",
    "url": "https://www.amazon.com/s?k=Stability+Ball&tag=discoverqua04-20"
  },
  {
    "id": "fitness-25",
    "category": "fitness",
    "name": "Doorway Resistance Bands",
    "price": 15.3,
    "image": "https://via.placeholder.com/300x200?text=Doorway+Resistance+Bands",
    "url": "https://www.amazon.com/s?k=Doorway+Resistance+Bands&tag=discoverqua04-20"
  },
  {
    "id": "pets-1",
    "category": "pets",
    "name": "Furbo Dog Camera",
    "price": 218.85,
    "image": "https://via.placeholder.com/300x200?text=Furbo+Dog+Camera",
    "url": "https://www.amazon.com/s?k=Furbo+Dog+Camera&tag=discoverqua04-20"
  },
  {
    "id": "pets-2",
    "category": "pets",
    "name": "KONG Classic Dog Toy",
    "price": 207.65,
    "image": "https://via.placeholder.com/300x200?text=KONG+Classic+Dog+Toy",
    "url": "https://www.amazon.com/s?k=KONG+Classic+Dog+Toy&tag=discoverqua04-20"
  },
  {
    "id": "pets-3",
    "category": "pets",
    "name": "PetSafe Automatic Feeder",
    "price": 166.11,
    "image": "https://via.placeholder.com/300x200?text=PetSafe+Automatic+Feeder",
    "url": "https://www.amazon.com/s?k=PetSafe+Automatic+Feeder&tag=discoverqua04-20"
  },
  {
    "id": "pets-4",
    "category": "pets",
    "name": "Arm & Hammer Cat Litter",
    "price": 88.58,
    "image": "https://via.placeholder.com/300x200?text=Arm+%26+Hammer+Cat+Litter",
    "url": "https://www.amazon.com/s?k=Arm+%26+Hammer+Cat+Litter&tag=discoverqua04-20"
  },
  {
    "id": "pets-5",
    "category": "pets",
    "name": "MidWest Foldable Kennel",
    "price": 195.96,
    "image": "https://via.placeholder.com/300x200?text=MidWest+Foldable+Kennel",
    "url": "https://www.amazon.com/s?k=MidWest+Foldable+Kennel&tag=discoverqua04-20"
  },
  {
    "id": "pets-6",
    "category": "pets",
    "name": "Greenies Dental Treats",
    "price": 44.02,
    "image": "https://via.placeholder.com/300x200?text=Greenies+Dental+Treats",
    "url": "https://www.amazon.com/s?k=Greenies+Dental+Treats&tag=discoverqua04-20"
  },
  {
    "id": "pets-7",
    "category": "pets",
    "name": "Nature's Miracle Stain Remover",
    "price": 136.78,
    "image": "https://via.placeholder.com/300x200?text=Nature%27s+Miracle+Stain+Remover",
    "url": "https://www.amazon.com/s?k=Nature%27s+Miracle+Stain+Remover&tag=discoverqua04-20"
  },
  {
    "id": "pets-8",
    "category": "pets",
    "name": "Cat Tree Condo",
    "price": 142.22,
    "image": "https://via.placeholder.com/300x200?text=Cat+Tree+Condo",
    "url": "https://www.amazon.com/s?k=Cat+Tree+Condo&tag=discoverqua04-20"
  },
  {
    "id": "pets-9",
    "category": "pets",
    "name": "Self-Cleaning Slicker Brush",
    "price": 285.75,
    "image": "https://via.placeholder.com/300x200?text=Self-Cleaning+Slicker+Brush",
    "url": "https://www.amazon.com/s?k=Self-Cleaning+Slicker+Brush&tag=discoverqua04-20"
  },
  {
    "id": "pets-10",
    "category": "pets",
    "name": "Dog Cooling Mat",
    "price": 263.37,
    "image": "https://via.placeholder.com/300x200?text=Dog+Cooling+Mat",
    "url": "https://www.amazon.com/s?k=Dog+Cooling+Mat&tag=discoverqua04-20"
  },
  {
    "id": "pets-11",
    "category": "pets",
    "name": "Interactive Laser Toy for Cats",
    "price": 87.59,
    "image": "https://via.placeholder.com/300x200?text=Interactive+Laser+Toy+for+Cats",
    "url": "https://www.amazon.com/s?k=Interactive+Laser+Toy+for+Cats&tag=discoverqua04-20"
  },
  {
    "id": "pets-12",
    "category": "pets",
    "name": "Automatic Water Fountain",
    "price": 155.67,
    "image": "https://via.placeholder.com/300x200?text=Automatic+Water+Fountain",
    "url": "https://www.amazon.com/s?k=Automatic+Water+Fountain&tag=discoverqua04-20"
  },
  {
    "id": "pets-13",
    "category": "pets",
    "name": "Dog Life Jacket",
    "price": 63.27,
    "image": "https://via.placeholder.com/300x200?text=Dog+Life+Jacket",
    "url": "https://www.amazon.com/s?k=Dog+Life+Jacket&tag=discoverqua04-20"
  },
  {
    "id": "pets-14",
    "category": "pets",
    "name": "Orthopedic Memory Foam Dog Bed",
    "price": 273.92,
    "image": "https://via.placeholder.com/300x200?text=Orthopedic+Memory+Foam+Dog+Bed",
    "url": "https://www.amazon.com/s?k=Orthopedic+Memory+Foam+Dog+Bed&tag=discoverqua04-20"
  },
  {
    "id": "pets-15",
    "category": "pets",
    "name": "Slow Feeder Bowl",
    "price": 261.84,
    "image": "https://via.placeholder.com/300x200?text=Slow+Feeder+Bowl",
    "url": "https://www.amazon.com/s?k=Slow+Feeder+Bowl&tag=discoverqua04-20"
  },
  {
    "id": "pets-16",
    "category": "pets",
    "name": "GPS Pet Tracker",
    "price": 97.65,
    "image": "https://via.placeholder.com/300x200?text=GPS+Pet+Tracker",
    "url": "https://www.amazon.com/s?k=GPS+Pet+Tracker&tag=discoverqua04-20"
  },
  {
    "id": "pets-17",
    "category": "pets",
    "name": "Pet Nail Clippers",
    "price": 195.38,
    "image": "https://via.placeholder.com/300x200?text=Pet+Nail+Clippers",
    "url": "https://www.amazon.com/s?k=Pet+Nail+Clippers&tag=discoverqua04-20"
  },
  {
    "id": "pets-18",
    "category": "pets",
    "name": "Reflective Dog Leash",
    "price": 186.77,
    "image": "https://via.placeholder.com/300x200?text=Reflective+Dog+Leash",
    "url": "https://www.amazon.com/s?k=Reflective+Dog+Leash&tag=discoverqua04-20"
  },
  {
    "id": "pets-19",
    "category": "pets",
    "name": "Elevated Dog Bowl",
    "price": 55.86,
    "image": "https://via.placeholder.com/300x200?text=Elevated+Dog+Bowl",
    "url": "https://www.amazon.com/s?k=Elevated+Dog+Bowl&tag=discoverqua04-20"
  },
  {
    "id": "pets-20",
    "category": "pets",
    "name": "Pet Stroller",
    "price": 230.84,
    "image": "https://via.placeholder.com/300x200?text=Pet+Stroller",
    "url": "https://www.amazon.com/s?k=Pet+Stroller&tag=discoverqua04-20"
  },
  {
    "id": "pets-21",
    "category": "pets",
    "name": "Dog Seat Cover for Car",
    "price": 166.8,
    "image": "https://via.placeholder.com/300x200?text=Dog+Seat+Cover+for+Car",
    "url": "https://www.amazon.com/s?k=Dog+Seat+Cover+for+Car&tag=discoverqua04-20"
  },
  {
    "id": "pets-22",
    "category": "pets",
    "name": "Pet Hair Vacuum",
    "price": 235.47,
    "image": "https://via.placeholder.com/300x200?text=Pet+Hair+Vacuum",
    "url": "https://www.amazon.com/s?k=Pet+Hair+Vacuum&tag=discoverqua04-20"
  },
  {
    "id": "pets-23",
    "category": "pets",
    "name": "Training Clicker Kit",
    "price": 164.21,
    "image": "https://via.placeholder.com/300x200?text=Training+Clicker+Kit",
    "url": "https://www.amazon.com/s?k=Training+Clicker+Kit&tag=discoverqua04-20"
  },
  {
    "id": "pets-24",
    "category": "pets",
    "name": "Puppy Potty Training Pads",
    "price": 12.16,
    "image": "https://via.placeholder.com/300x200?text=Puppy+Potty+Training+Pads",
    "url": "https://www.amazon.com/s?k=Puppy+Potty+Training+Pads&tag=discoverqua04-20"
  },
  {
    "id": "pets-25",
    "category": "pets",
    "name": "Cat Litter Mat",
    "price": 105.03,
    "image": "https://via.placeholder.com/300x200?text=Cat+Litter+Mat",
    "url": "https://www.amazon.com/s?k=Cat+Litter+Mat&tag=discoverqua04-20"
  }
]